-0.8614636659622192,0.885380208492279,-0.9942638278007507,0.5810146927833557,0.8629160523414612,-0.6366965174674988
-1.0335301160812378,-2.4537739753723145,0.5572562217712402,0.7916619181632996,-0.7588852047920227,0.5648819208145142
-0.8230894804000854,-1.003869652748108,-1.0166754722595215,0.5622341632843018,0.21248489618301392,0.20704935491085052
-0.3970847725868225,-1.361504316329956,-0.2680240869522095,0.13516011834144592,0.9514440298080444,0.693126380443573
-0.3173096776008606,-0.9575275778770447,-0.36684006452560425,0.18225550651550293,0.8729873299598694,0.7901692390441895
0.13861753046512604,-0.6412856578826904,-0.02134917676448822,0.37645044922828674,0.7937874794006348,0.5890512466430664
0.7147507667541504,0.42858895659446716,0.27843213081359863,0.3156448304653168,0.38010743260383606,-0.10305549204349518
1.449641466140747,1.6546236276626587,1.5881943702697754,0.3064459264278412,-0.47294995188713074,-1.3164544105529785
1.797272801399231,3.0487756729125977,2.61279034614563,-0.6279433965682983,-2.4183974266052246,-1.5045212507247925
1.2027783393859863,2.7565364837646484,3.411606550216675,-0.011383479461073875,-3.2431981563568115,-0.7783255577087402
0.5878763198852539,2.110757827758789,2.8756861686706543,-0.4144240915775299,-3.4262943267822266,-0.5810471177101135
0.33940330147743225,1.3823919296264648,1.8788964748382568,0.1443573534488678,-1.4643709659576416,0.17980460822582245
-0.036734651774168015,1.9465844631195068,0.6673480272293091,-0.16362980008125305,0.20945954322814941,-0.3985062539577484
0.9649156928062439,1.2070327997207642,-0.1620379388332367,-0.14848828315734863,1.0290039777755737,-0.5181096196174622
1.080115556716919,-0.3489275872707367,0.16389700770378113,-0.16644537448883057,0.4057959318161011,0.10080544650554657
0.8832156658172607,-0.7855753302574158,0.08775700628757477,-0.37248694896698,0.4015794098377228,0.3668334484100342
0.14351651072502136,-0.9517939686775208,-0.12870080769062042,-0.5670631527900696,0.832295835018158,0.4724869132041931
-0.3907270133495331,-0.9958201050758362,0.040832363069057465,-0.1414664387702942,0.4663828909397125,0.8131468892097473
-0.8464149236679077,-0.7174669504165649,-0.4394304156303406,-0.032157815992832184,0.8377730846405029,0.8487178683280945
-1.0638222694396973,-0.56838458776474,-1.0139868259429932,0.4586101472377777,1.8859286308288574,1.9031280279159546
-1.0195358991622925,-1.3548370599746704,-0.3783063292503357,0.9832563996315002,1.387227177619934,3.0019404888153076
-0.1031523272395134,-1.3492974042892456,-0.08948849141597748,0.9278748631477356,0.4042430520057678,2.528367042541504
0.42759087681770325,-0.21300792694091797,-0.1524614542722702,-0.05516759306192398,0.18831610679626465,1.787986397743225
0.9915775060653687,0.93049156665802,0.2632943391799927,-1.1191809177398682,0.0346028134226799,1.3000812530517578
1.3951325416564941,1.7548742294311523,1.0951160192489624,-1.4753971099853516,-0.22399142384529114,0.8807001709938049
1.1211895942687988,2.356276035308838,1.7983529567718506,-1.2805829048156738,-0.640008807182312,0.1355130672454834
0.30690068006515503,1.3629862070083618,2.2346463203430176,-0.5888591408729553,-0.7412867546081543,-0.6538186073303223
0.19537019729614258,0.6354491114616394,2.3401029109954834,0.47523170709609985,0.19444754719734192,-0.6359379291534424
0.1566029191017151,-0.16182810068130493,1.3343429565429688,0.3553411066532135,-0.23410263657569885,0.2770369052886963
0.7253767848014832,-0.39734843373298645,1.2071415185928345,-0.14740291237831116,-0.026200681924819946,0.6029050350189209
1.0461941957473755,-0.5036576390266418,1.3843474388122559,-0.4920336902141571,0.41189485788345337,0.24961905181407928
1.0909957885742188,-0.5448970198631287,1.6299982070922852,-0.6034255623817444,0.6020528078079224,-0.10440538823604584
1.1064364910125732,-0.4948832094669342,1.7468098402023315,-0.5902045965194702,0.47616636753082275,-0.11882893741130829
1.169886827468872,-0.4751572906970978,1.7632924318313599,-0.5236714482307434,0.24840590357780457,0.005538690835237503
1.1708250045776367,-0.5197938084602356,1.763301134109497,-0.4558984041213989,0.07386765629053116,0.0683499127626419
0.9931517243385315,-0.5934715270996094,1.7715671062469482,-0.40690022706985474,-0.06227912753820419,0.06903956830501556
0.5790711045265198,-0.6661636233329773,1.7219886779785156,-0.38274720311164856,-0.21732312440872192,0.11309103667736053
-0.11774346977472305,-0.6669291853904724,1.4575170278549194,-0.3024132549762726,-0.39662274718284607,0.2545405626296997
-1.2508445978164673,-0.3115839958190918,0.6327052712440491,0.18875578045845032,-0.661371111869812,0.6904378533363342
-1.5460373163223267,0.9197866320610046,-0.6962584257125854,0.47869470715522766,-0.9559295177459717,1.5837247371673584
-0.22508499026298523,-0.02154705673456192,0.010994955897331238,1.2355152368545532,0.6606283783912659,2.146939277648926
-0.054167263209819794,-0.08628346771001816,0.5987232327461243,0.6377187967300415,0.5047847032546997,1.9956101179122925
0.10913116484880447,0.3150312602519989,0.2709352374076843,-0.044267892837524414,0.10499819368124008,1.7628988027572632
0.4457947313785553,0.5779812335968018,0.0443270206451416,-0.5848494172096252,-0.09380827099084854,1.6509125232696533
0.7254385948181152,0.7536037564277649,0.06852954626083374,-0.8546423316001892,-0.24981287121772766,1.5110899209976196
0.924213171005249,0.9331918358802795,0.2686092257499695,-0.7880795001983643,-0.37108325958251953,1.289206862449646
0.9719678163528442,0.9659784436225891,0.6825246214866638,-0.2991592586040497,-0.42562586069107056,0.8463762998580933
0.3725115656852722,0.3062300980091095,1.6129285097122192,0.15700778365135193,0.0017636343836784363,-0.008219581097364426
0.21644848585128784,-0.15561088919639587,2.1351230144500732,0.2186196893453598,0.863601803779602,-0.9436745047569275
-0.16126686334609985,-0.15717080235481262,1.8988369703292847,-0.368515282869339,0.6522434949874878,0.29475992918014526
0.4669756591320038,-0.22475513815879822,1.6844251155853271,-0.6561804413795471,0.45602038502693176,0.6802182197570801
0.9050294160842896,-0.4527052342891693,1.628933072090149,-0.7402361035346985,0.29843276739120483,0.21801616251468658
0.9973703026771545,-0.6551443338394165,1.6325076818466187,-0.6896149516105652,0.04794185608625412,-0.18609802424907684
1.000036597251892,-0.6814472079277039,1.6279869079589844,-0.5854467749595642,-0.18701353669166565,-0.192858025431633
0.8514662981033325,-0.6453593969345093,1.6255707740783691,-0.3992251455783844,-0.25784316658973694,0.013236094266176224
0.39760977029800415,-0.5563333034515381,1.5789927244186401,-0.1860823929309845,-0.24533045291900635,0.18279753625392914
-0.34207332134246826,-0.431372731924057,1.2675726413726807,0.0010592429898679256,-0.15594536066055298,0.36836227774620056
-1.441037654876709,0.03862153738737106,0.354117214679718,0.4719392657279968,-0.03614749014377594,0.784782350063324
-1.4468384981155396,0.5069523453712463,-0.9329939484596252,1.3908264636993408,0.2804820239543915,2.0016918182373047
-0.4784892499446869,-0.033448226749897,0.2716728448867798,1.1053316593170166,0.7189948558807373,2.443281650543213
-0.1354777216911316,0.14968785643577576,0.707181453704834,0.3570668399333954,0.3346043825149536,2.2001590728759766
0.19522815942764282,0.5283957123756409,0.23765777051448822,-0.374401718378067,-0.0034186914563179016,1.9556596279144287
0.6166856288909912,0.7567753195762634,-0.03531913459300995,-0.861988365650177,-0.22078904509544373,1.7686728239059448
0.8830659985542297,0.9077481627464294,0.02272254228591919,-1.0292885303497314,-0.3971025049686432,1.5496833324432373
1.0198081731796265,1.049705147743225,0.3143657445907593,-0.8251625895500183,-0.536873459815979,1.2581450939178467
0.8988370299339294,0.828808605670929,0.9137258529663086,-0.19932503998279572,-0.5422135591506958,0.707900881767273
0.22369703650474548,0.4443049132823944,2.1921279430389404,0.16075363755226135,0.06082948297262192,0.03425009548664093
0.09785366803407669,-0.33248913288116455,2.1215696334838867,0.1094062402844429,1.028030276298523,-0.8532121777534485
-0.07741954177618027,-0.41217902302742004,1.7302278280258179,-0.49128440022468567,0.6396212577819824,0.2659965455532074
0.5959222316741943,-0.4661979377269745,1.4771244525909424,-0.7325961589813232,0.3691439926624298,0.6122081875801086
0.9490348100662231,-0.6014732122421265,1.4481358528137207,-0.7243295311927795,0.16970664262771606,0.1402963250875473
0.9237973690032959,-0.6970563530921936,1.4540780782699585,-0.6056908965110779,-0.08505747467279434,-0.15727369487285614
0.7509092092514038,-0.6709822416305542,1.4525295495986938,-0.45533287525177,-0.24734768271446228,-0.10257603228092194
0.392648309469223,-0.6038112044334412,1.4274346828460693,-0.2166304737329483,-0.269674688577652,0.09652204811573029
-0.19438645243644714,-0.4936048090457916,1.2268766164779663,0.024559082463383675,-0.14106935262680054,0.29896438121795654
-1.136615514755249,-0.17231285572052002,0.5277615189552307,0.35963231325149536,-0.005867339670658112,0.6710283160209656
-1.5110869407653809,0.44175270199775696,-0.958336591720581,1.3681998252868652,0.3277517855167389,1.936898946762085
-0.5070960521697998,-0.06866852194070816,0.2747589349746704,1.1141268014907837,0.6618223786354065,2.3324923515319824
-0.12358134239912033,0.1277492344379425,0.7036476135253906,0.35321882367134094,0.28818029165267944,2.0774993896484375
0.19904768466949463,0.5170952081680298,0.23283149302005768,-0.37891441583633423,-0.02310047298669815,1.8536878824234009
0.6063946485519409,0.7570045590400696,-0.036631256341934204,-0.8451793193817139,-0.2278430163860321,1.689805269241333
0.8508545160293579,0.9066535234451294,0.022488757967948914,-1.0021311044692993,-0.40461504459381104,1.4979159832000732
0.9673416614532471,1.03855299949646,0.2982882857322693,-0.8096267580986023,-0.5370453596115112,1.2479859590530396
0.8883486986160278,0.9011664390563965,0.8165303468704224,-0.21195130050182343,-0.5585016012191772,0.7684164047241211
0.21638742089271545,0.3810701370239258,1.9505422115325928,0.19175086915493011,0.04399006813764572,0.04092073813080788
-0.062276311218738556,-0.05612555891275406,2.3928542137145996,0.22632423043251038,0.6949381828308105,-0.5854586958885193
-0.0991322323679924,-0.34045761823654175,1.6423375606536865,-0.48655441403388977,0.8495753407478333,0.0005757994949817657
0.5640493035316467,-0.4958358705043793,1.387629508972168,-0.6831563115119934,0.61029052734375,0.40709829330444336
0.9820419549942017,-0.5987368822097778,1.3661174774169922,-0.7517334818840027,0.26800283789634705,0.21027104556560516
1.0410162210464478,-0.6883532404899597,1.364829182624817,-0.6615982055664062,-0.06310228258371353,-0.0496167354285717
0.8902689218521118,-0.6901493668556213,1.3594250679016113,-0.5121846795082092,-0.2694900929927826,-0.08369739353656769
0.5502625107765198,-0.6324410438537598,1.3754799365997314,-0.2791135907173157,-0.3109034299850464,0.04356633499264717
0.01182449422776699,-0.5244792103767395,1.2884325981140137,-0.015185339376330376,-0.1955922544002533,0.20053420960903168
-0.7413474321365356,-0.36035504937171936,0.8832295536994934,0.18029263615608215,-0.059809811413288116,0.4608079195022583
-1.7392998933792114,0.22031939029693604,-0.14878778159618378,0.8769201040267944,0.15071550011634827,0.9447171092033386
-0.5698264837265015,0.14182165265083313,-0.5755611062049866,1.4208953380584717,0.733121395111084,2.1788535118103027
-0.10572632402181625,0.08173558861017227,0.32051295042037964,0.779391348361969,0.4174237847328186,2.193087100982666
0.16684013605117798,0.4387856721878052,0.42381370067596436,-0.14198195934295654,-0.03773512691259384,1.9369162321090698
0.5539597272872925,0.7922657132148743,0.12904499471187592,-0.8468857407569885,-0.2928823232650757,1.7611268758773804
0.8776201605796814,0.9913111329078674,0.07734328508377075,-1.1262519359588623,-0.4438055455684662,1.5685296058654785
1.0242798328399658,1.1174737215042114,0.3221396207809448,-0.9539169669151306,-0.5746904611587524,1.300723671913147
0.9344022274017334,0.943221926689148,0.8578302264213562,-0.3345179855823517,-0.603939950466156,0.8114877343177795
0.3298104703426361,0.352700799703598,1.6328154802322388,-0.01999693177640438,-0.007160194218158722,0.001506555825471878
0.199172705411911,-0.20396706461906433,2.072092056274414,0.035690441727638245,0.8833492398262024,-0.8398520946502686
-0.07512988895177841,-0.2558293640613556,1.8236792087554932,-0.46185988187789917,0.7121126651763916,0.244432732462883
0.535529375076294,-0.337219774723053,1.594010591506958,-0.6474965810775757,0.47048845887184143,0.6042442321777344
0.8953729867935181,-0.5322591662406921,1.5354117155075073,-0.6331993341445923,0.24466609954833984,0.18944551050662994
0.9162187576293945,-0.6860736012458801,1.517667293548584,-0.5547426342964172,-0.03583314269781113,-0.15426091849803925
0.8215435743331909,-0.6968299746513367,1.5002840757369995,-0.4543391168117523,-0.22352394461631775,-0.15008239448070526
0.5631774067878723,-0.6542772054672241,1.4940123558044434,-0.25939998030662537,-0.250968873500824,0.05205075815320015
0.05867217108607292,-0.5383099317550659,1.3731606006622314,-0.042689185589551926,-0.16110661625862122,0.23850949108600616
-0.7191412448883057,-0.3535127341747284,0.9139097929000854,0.13442310690879822,-0.09066904336214066,0.5020473599433899
-1.7508800029754639,0.2640209496021271,-0.15590427815914154,0.8973562121391296,0.10412563383579254,0.9825441837310791
-0.5333956480026245,0.1944359540939331,-0.4634915590286255,1.2665936946868896,0.791928231716156,2.186391592025757
-0.005808719899505377,0.19865983724594116,0.3111574649810791,0.7328159809112549,0.34510865807533264,2.2078213691711426
0.27638161182403564,0.5111418962478638,0.3804081082344055,-0.14933151006698608,-0.10199453681707382,1.9863375425338745
0.6309183835983276,0.8259089589118958,0.10134798288345337,-0.824700653553009,-0.3294864892959595,1.7980366945266724
0.8984125852584839,1.0076664686203003,0.09088239818811417,-1.0489768981933594,-0.4775947034358978,1.571182370185852
1.0132416486740112,1.1000674962997437,0.3860435485839844,-0.7605780363082886,-0.5942206382751465,1.2656502723693848
0.7618645429611206,0.6505646705627441,1.061771273612976,-0.07524753361940384,-0.4878259003162384,0.6527408957481384
0.16187113523483276,0.4438413977622986,2.542807102203369,0.14786028861999512,0.2727620005607605,0.0009868033230304718
-0.6738215684890747,-0.6465163826942444,2.040247917175293,0.08342533558607101,0.668631911277771,-0.5767667889595032
0.17694291472434998,-0.35588744282722473,1.498225450515747,-0.5679687857627869,0.9798928499221802,0.031076539307832718
0.9633449912071228,-0.37616148591041565,1.4211925268173218,-0.7913835644721985,0.6668851375579834,0.4138609766960144
1.2613255977630615,-0.5172020792961121,1.4288567304611206,-0.8039742112159729,0.2706245183944702,0.18668518960475922
1.1339213848114014,-0.6680768132209778,1.4118874073028564,-0.6782487034797668,-0.10802894085645676,-0.053922515362501144
0.8112032413482666,-0.7245587706565857,1.3999748229980469,-0.5051595568656921,-0.3350010812282562,-0.0570610873401165
0.2737920582294464,-0.6915693879127502,1.3909939527511597,-0.2324393093585968,-0.3785127103328705,0.10932363569736481
-0.5265420079231262,-0.503103494644165,1.1508331298828125,0.06265979260206223,-0.2272559106349945,0.3509129583835602
-1.633072853088379,0.11729615181684494,0.2324000895023346,0.6230506896972656,-0.06496108323335648,0.7887020111083984
-1.1965677738189697,0.5775803327560425,-0.904214084148407,1.4660398960113525,0.4845670759677887,1.9818178415298462
-0.35556015372276306,0.07369250804185867,0.4030601978302002,0.9751328825950623,0.5057412981987,2.3203301429748535
0.052836425602436066,0.2963698208332062,0.659675121307373,0.10652545839548111,0.014317385852336884,2.0546374320983887
0.44159814715385437,0.6593223214149475,0.13801763951778412,-0.6584559082984924,-0.276993066072464,1.8572574853897095
0.814659595489502,0.8458558917045593,-0.05088084936141968,-1.0790698528289795,-0.40587303042411804,1.683498740196228
0.9764832258224487,0.9805052876472473,0.11284006386995316,-1.0947246551513672,-0.5224683284759521,1.4607051610946655
1.0074466466903687,1.062494158744812,0.46165990829467773,-0.6858530640602112,-0.6128312349319458,1.154769778251648
0.6754039525985718,0.48061487078666687,1.236992597579956,-0.02118990384042263,-0.4398597776889801,0.4907538890838623
0.0949937179684639,0.2069844901561737,2.443523645401001,0.17316757142543793,0.3222964107990265,-0.19223208725452423
-0.16451114416122437,-0.3747051954269409,2.1919007301330566,-0.1260046660900116,0.6998804211616516,-0.38783004879951477
0.21997275948524475,-0.3794896900653839,1.5104542970657349,-0.6180490851402283,0.6914844512939453,0.1109188050031662
0.853557825088501,-0.5010969042778015,1.3302197456359863,-0.7081723213195801,0.4782656729221344,0.350180983543396
1.0706615447998047,-0.5824688673019409,1.3423986434936523,-0.6770196557044983,0.17935019731521606,0.11747501790523529
0.9499324560165405,-0.6266047954559326,1.3453929424285889,-0.5571532845497131,-0.10165979713201523,-0.04156167432665825
0.662550687789917,-0.6083019375801086,1.3399431705474854,-0.3864346444606781,-0.2451324164867401,-0.015110861510038376
0.2075616717338562,-0.5445165038108826,1.2874410152435303,-0.15177862346172333,-0.22489485144615173,0.12093164026737213
-0.45266440510749817,-0.44293084740638733,1.0418860912322998,0.05328867584466934,-0.06003885716199875,0.35224029421806335
-1.4628729820251465,0.026798315346240997,0.19177404046058655,0.5348421931266785,0.13449987769126892,0.8190313577651978
-1.2324795722961426,0.432638019323349,-0.7004218101501465,1.0354135036468506,0.536995530128479,2.037654399871826
-0.2782593071460724,0.027673281729221344,0.16648612916469574,1.1461899280548096,0.5956763029098511,2.3662526607513428
0.03608671575784683,0.20144906640052795,0.5292176604270935,0.39777901768684387,0.13922926783561707,2.084653377532959
0.340711772441864,0.5914379358291626,0.1814778596162796,-0.42117801308631897,-0.1671350598335266,1.8577007055282593
0.7110068798065186,0.854812502861023,0.01950739324092865,-0.9294479489326477,-0.35287898778915405,1.6692428588867188
0.9310891628265381,1.0317065715789795,0.1598166972398758,-1.0032644271850586,-0.5066387057304382,1.435465693473816
0.9984230399131775,1.0821584463119507,0.5307587385177612,-0.5821962952613831,-0.6095831394195557,1.0952587127685547
0.5495924353599548,0.29801657795906067,1.3476104736328125,0.01532735861837864,-0.2862967848777771,0.3373726010322571
0.06432639807462692,0.1547483205795288,2.014798164367676,0.09729930758476257,0.5191570520401001,-0.3985884487628937
-0.23885205388069153,-0.18430444598197937,1.7343798875808716,-0.34814944863319397,0.970424473285675,-0.1448778361082077
0.20903271436691284,-0.34484317898750305,1.5662175416946411,-0.5001429915428162,0.6473901271820068,0.2612127661705017
0.7205682992935181,-0.5270811319351196,1.4464433193206787,-0.6181851029396057,0.2808733582496643,0.292766273021698
0.9635120630264282,-0.6718040108680725,1.4238002300262451,-0.6096705794334412,-0.011741846799850464,0.020611513406038284
0.9389665126800537,-0.725576639175415,1.4293525218963623,-0.5249047875404358,-0.20140805840492249,-0.10113818943500519
0.7215662002563477,-0.6922431588172913,1.458242416381836,-0.35153862833976746,-0.24545347690582275,-0.011922996491193771
0.28137174248695374,-0.589363157749176,1.4253602027893066,-0.12131869047880173,-0.20009049773216248,0.14948610961437225
-0.36886072158813477,-0.4418487846851349,1.1455137729644775,0.050452448427677155,-0.09348858147859573,0.35173875093460083
-1.384358286857605,0.021365351974964142,0.29476624727249146,0.4778118431568146,0.008141182363033295,0.764076828956604
-1.3538188934326172,0.5674108862876892,-0.697241485118866,0.7520712614059448,0.11336863040924072,1.8721065521240234
-0.20133036375045776,0.09695825725793839,0.17349116504192352,1.1439995765686035,0.7017340064048767,2.382965087890625
0.03421185165643692,0.21827858686447144,0.5636346340179443,0.4651600420475006,0.22090989351272583,2.126498222351074
0.2816635072231293,0.5593664050102234,0.17699949443340302,-0.3123956322669983,-0.14012309908866882,1.8769944906234741
0.6308358907699585,0.775327742099762,0.0027979761362075806,-0.8379830121994019,-0.3279455006122589,1.6917784214019775
0.8601328134536743,0.9374529719352722,0.12097518146038055,-0.9640048742294312,-0.46941468119621277,1.4619120359420776
0.9659531116485596,1.036545991897583,0.45373404026031494,-0.6241324543952942,-0.5718634128570557,1.137963056564331
0.6592849493026733,0.44738754630088806,1.216320276260376,-0.0075216651894152164,-0.3774099349975586,0.4454178512096405
0.16119816899299622,-0.06493007391691208,2.1309854984283447,0.05782831460237503,0.6339824795722961,-0.6724395155906677
-0.2431836724281311,-0.2743297815322876,1.7286567687988281,-0.3267766535282135,0.7021629810333252,0.10839278995990753
0.25013840198516846,-0.3874625861644745,1.5044844150543213,-0.4850788116455078,0.5053276419639587,0.460388720035553
0.6705376505851746,-0.5303234457969666,1.4368958473205566,-0.5651180148124695,0.28020328283309937,0.21722780168056488
0.8166027069091797,-0.640799880027771,1.4317703247070312,-0.5492618680000305,0.027498416602611542,-0.08218605816364288
0.7926077842712402,-0.6556535363197327,1.4287903308868408,-0.48422300815582275,-0.1554018259048462,-0.11430923640727997
0.6029840707778931,-0.6212427020072937,1.4190680980682373,-0.3203575909137726,-0.20350772142410278,0.024363357573747635
0.1806216537952423,-0.5310583114624023,1.3330320119857788,-0.11310520023107529,-0.1353238821029663,0.19075243175029755
-0.5086621046066284,-0.42441025376319885,0.9895676970481873,0.05114642530679703,-0.025148026645183563,0.4343646764755249
-1.5698566436767578,0.09207131713628769,0.013188347220420837,0.6712570786476135,0.16692203283309937,0.9239753484725952
-0.7235085368156433,0.3242783844470978,-0.7923215627670288,1.3688557147979736,0.6777459383010864,2.042529821395874
-0.1558222472667694,0.009428746998310089,0.3595101237297058,0.8843518495559692,0.5027747750282288,2.3055970668792725
0.1205838993191719,0.351553738117218,0.5273200273513794,0.004472279455512762,0.027401022613048553,2.0652260780334473
0.48817721009254456,0.7576144337654114,0.12715314328670502,-0.732626736164093,-0.23835620284080505,1.869352102279663
0.8313034772872925,0.9818447232246399,0.034222789108753204,-1.0730845928192139,-0.4101458489894867,1.6531027555465698
1.0007152557373047,1.1201249361038208,0.2798898220062256,-0.9595096707344055,-0.5650912523269653,1.362931251525879
0.9421311020851135,0.9635952711105347,0.8157286643981934,-0.36449652910232544,-0.6137530207633972,0.8699975609779358
0.35094842314720154,0.3015105724334717,1.6069731712341309,-0.032471247017383575,-0.029797978699207306,0.04356696084141731
0.20703154802322388,-0.2486116886138916,2.0763180255889893,0.0027629449032247066,0.8736342191696167,-0.8162476420402527
-0.06816627830266953,-0.2887765169143677,1.827321171760559,-0.48837268352508545,0.7223361730575562,0.2305639237165451
0.5311651229858398,-0.36207079887390137,1.5978691577911377,-0.6486940979957581,0.4759106934070587,0.5839039087295532
0.882347822189331,-0.5476779937744141,1.535563349723816,-0.617575466632843,0.2393825352191925,0.18645523488521576
0.894623875617981,-0.69314044713974,1.514459252357483,-0.53493332862854,-0.04197511076927185,-0.14634104073047638
0.7855790257453918,-0.7006945013999939,1.4969868659973145,-0.43448540568351746,-0.22329530119895935,-0.14065445959568024
0.5098760724067688,-0.6572180390357971,1.4870314598083496,-0.23755194246768951,-0.24965044856071472,0.0604829378426075
-0.008390603587031364,-0.5361191630363464,1.3466129302978516,-0.026135167106986046,-0.15767988562583923,0.2516147494316101
-0.8146853446960449,-0.32347914576530457,0.8376045227050781,0.173747718334198,-0.09764152020215988,0.5352737903594971
-1.8084142208099365,0.30347123742103577,-0.23928998410701752,1.005906105041504,0.11680682003498077,1.0205949544906616
-0.5152028799057007,0.14793923497200012,-0.38423866033554077,1.2967541217803955,0.7697453498840332,2.1607797145843506
0.03394489735364914,0.1962154507637024,0.36309969425201416,0.71502685546875,0.3150947690010071,2.1753687858581543
0.30320554971694946,0.540757954120636,0.3552589416503906,-0.17842400074005127,-0.13119134306907654,1.9592291116714478
0.6478621363639832,0.8444646000862122,0.08526834845542908,-0.8505120873451233,-0.346292644739151,1.7873021364212036
0.9024354815483093,1.0153334140777588,0.09677457809448242,-1.060393214225769,-0.4853160083293915,1.5681437253952026
1.0084246397018433,1.104540467262268,0.39338767528533936,-0.7625977993011475,-0.5933899879455566,1.2682684659957886
0.755412220954895,0.6469832062721252,1.0712858438491821,-0.07602300494909286,-0.48502495884895325,0.655217707157135
-0.1603858470916748,0.0932205393910408,2.073976516723633,0.23553070425987244,0.2486468255519867,-0.053285207599401474
-0.2949535846710205,-0.2724475562572479,1.7698333263397217,-0.28939956426620483,1.0940916538238525,-0.44249996542930603
0.13787472248077393,-0.39947500824928284,1.634406566619873,-0.435796856880188,0.7049181461334229,0.0249166376888752
0.7692723870277405,-0.546441912651062,1.4711661338806152,-0.6236644387245178,0.30425357818603516,0.3448622226715088
1.104010820388794,-0.6501408815383911,1.4550286531448364,-0.6835097074508667,0.03903023898601532,0.14465849101543427
1.050887107849121,-0.706897497177124,1.473085880279541,-0.6024462580680847,-0.14787369966506958,-0.04936869069933891
0.7718881368637085,-0.6864951848983765,1.4809675216674805,-0.42698758840560913,-0.2390766143798828,-0.023831050843000412
0.2915196716785431,-0.5965813994407654,1.4151010513305664,-0.18100063502788544,-0.21657738089561462,0.12978629767894745
-0.4073420763015747,-0.47575047612190247,1.1148130893707275,0.041480280458927155,-0.06808086484670639,0.3793592154979706
-1.477932333946228,0.014721371233463287,0.19532926380634308,0.5605791807174683,0.12795045971870422,0.8513338565826416
-1.1385514736175537,0.39811867475509644,-0.8622928261756897,1.4007115364074707,0.5209685564041138,2.047353506088257
-0.33141088485717773,-0.008465997874736786,0.3447917103767395,1.0244349241256714,0.5827211141586304,2.3804590702056885
0.008888846263289452,0.26335227489471436,0.6152544021606445,0.17759542167186737,0.14606332778930664,2.1190896034240723
0.3585193455219269,0.6593083739280701,0.15721429884433746,-0.5797061324119568,-0.1449180543422699,1.9111661911010742
0.7381398677825928,0.8878831267356873,-0.02344326674938202,-0.9942894577980042,-0.34156137704849243,1.7099385261535645
0.9363048672676086,1.0381215810775757,0.13837753236293793,-1.0140647888183594,-0.5102536678314209,1.463571548461914
0.995000958442688,1.079377293586731,0.5308135151863098,-0.5747661590576172,-0.6234621405601501,1.1131521463394165
0.5412123203277588,0.29472431540489197,1.3787341117858887,0.03135063499212265,-0.31878024339675903,0.3607136607170105
0.25371941924095154,-0.09088272601366043,1.9531065225601196,0.008802616968750954,0.7465552091598511,-0.7411823868751526
-0.1784064769744873,-0.12093732506036758,1.801340103149414,-0.39999067783355713,0.8000292778015137,0.18491169810295105
0.29117491841316223,-0.22174152731895447,1.593207836151123,-0.5499071478843689,0.5669106841087341,0.509327232837677
0.671759843826294,-0.4506091773509979,1.4986488819122314,-0.5607630014419556,0.28948739171028137,0.22276856005191803
0.7972527742385864,-0.6311038136482239,1.4637138843536377,-0.5271645188331604,-0.012753702700138092,-0.11725099384784698
0.7994965314865112,-0.6839327216148376,1.444798231124878,-0.4636934697628021,-0.21425136923789978,-0.16318519413471222
0.6433408260345459,-0.6573706865310669,1.4588285684585571,-0.3120339810848236,-0.24365857243537903,0.005010548979043961
0.23433923721313477,-0.5608569979667664,1.4089422225952148,-0.10215116292238235,-0.17355355620384216,0.1892985701560974
-0.42849108576774597,-0.4154362380504608,1.0943856239318848,0.04169968515634537,-0.09308496862649918,0.3954588770866394
-1.4788621664047241,0.1003207191824913,0.17652401328086853,0.5528860092163086,0.01836836338043213,0.8189592361450195
-0.9820154905319214,0.47426092624664307,-0.8255023956298828,1.3482844829559326,0.4797575771808624,1.951814889907837
-0.2458646148443222,0.07708030194044113,0.37972527742385864,0.9030806422233582,0.48048752546310425,2.271526575088501
0.07570601254701614,0.3333895802497864,0.5854347944259644,0.06271492689847946,0.016856707632541656,2.039104461669922
0.43687447905540466,0.6852690577507019,0.13137806951999664,-0.6531579494476318,-0.24851268529891968,1.851019263267517
0.7787514925003052,0.8724837899208069,-0.008494988083839417,-1.0101397037506104,-0.39290764927864075,1.6546059846878052
0.9455406665802002,1.0123088359832764,0.18669719994068146,-0.9589318037033081,-0.5209543704986572,1.3935946226119995
0.958838939666748,0.9916265606880188,0.616156280040741,-0.44190481305122375,-0.5956624746322632,0.9939038157463074
0.5599043965339661,0.20608699321746826,1.8857769966125488,-0.06294725090265274,0.07297102361917496,-0.4076458811759949
0.3210519254207611,-0.39516785740852356,2.15378737449646,0.06402852386236191,0.4590041935443878,-0.09103621542453766
0.17086073756217957,-0.22604230046272278,1.7309799194335938,-0.5293741822242737,0.8439252376556396,0.10651923716068268
0.5269466638565063,-0.2988261878490448,1.5720915794372559,-0.5767523646354675,0.6554333567619324,0.2525210380554199
0.7883206605911255,-0.4699038565158844,1.4979822635650635,-0.5693374276161194,0.3052409589290619,0.11842755973339081
0.8707016706466675,-0.6077778935432434,1.4522172212600708,-0.5324910283088684,-0.02486872673034668,-0.04987431690096855
0.7949197292327881,-0.6654781103134155,1.4232168197631836,-0.452194482088089,-0.21016186475753784,-0.060644906014204025
0.5108662843704224,-0.6655804514884949,1.4174145460128784,-0.28337547183036804,-0.25490802526474,0.05717030540108681
0.010581741109490395,-0.5888307690620422,1.2998582124710083,-0.06955408304929733,-0.17331501841545105,0.20556388795375824
-0.7523252964019775,-0.42031529545783997,0.8408097624778748,0.14246904850006104,-0.0903901532292366,0.4869958758354187
-1.7616961002349854,0.19342008233070374,-0.22374334931373596,0.9452282190322876,0.134951651096344,1.0000131130218506
-0.4844929873943329,0.13748645782470703,-0.46595561504364014,1.4205822944641113,0.7183763980865479,2.192652702331543
-0.03441562503576279,0.1566978096961975,0.37129390239715576,0.7221013307571411,0.3567986786365509,2.1695151329040527
0.22168323397636414,0.5166274309158325,0.3890599012374878,-0.2048865258693695,-0.07401291280984879,1.9375263452529907
0.5951074361801147,0.8380301594734192,0.1027730256319046,-0.8684000372886658,-0.30842599272727966,1.768966555595398
0.8847155570983887,1.0156443119049072,0.08410441130399704,-1.088526964187622,-0.46269795298576355,1.5640703439712524
1.0103709697723389,1.1157881021499634,0.3609815239906311,-0.8333879709243774,-0.5893130302429199,1.2800426483154297
0.8224607706069946,0.7641147971153259,0.9842259287834167,-0.15907371044158936,-0.5321719646453857,0.7144939303398132
0.2144390046596527,0.5156005620956421,2.516071081161499,0.1049569845199585,0.16993647813796997,0.0658787339925766
-0.6132782101631165,-0.5715083479881287,1.9935026168823242,0.1449231207370758,0.6337401866912842,-0.5653001666069031
0.5145108699798584,-0.602251410484314,1.8333383798599243,-0.06628695875406265,0.5847641229629517,0.08565334975719452
0.7079781293869019,-0.38137510418891907,1.4764111042022705,-0.8516608476638794,0.7599179744720459,0.2518138885498047
1.0108941793441772,-0.4213924705982208,1.4107731580734253,-0.8475090861320496,0.5125823616981506,0.17644529044628143
1.0512264966964722,-0.5402994751930237,1.3752397298812866,-0.660579264163971,0.10386013239622116,0.015657592564821243
0.8933612108230591,-0.6100835204124451,1.329574704170227,-0.49087005853652954,-0.21981599926948547,-0.041890811175107956
0.5686238408088684,-0.6107572317123413,1.3257242441177368,-0.3041040003299713,-0.32838174700737,0.019826848059892654
0.059893764555454254,-0.5476546883583069,1.2762985229492188,-0.06585291028022766,-0.2497957944869995,0.15567760169506073
-0.6485095024108887,-0.4005269706249237,0.9672005772590637,0.11764536052942276,-0.08866458386182785,0.395432710647583
-1.6455254554748535,0.17111855745315552,0.014197126030921936,0.7143184542655945,0.11392206698656082,0.8829291462898254
-0.7104483246803284,0.370887815952301,-0.7953681349754333,1.3195204734802246,0.6368006467819214,1.9441404342651367
-0.11994796246290207,0.019844137132167816,0.384318470954895,0.7909061312675476,0.4372721314430237,2.2141573429107666
0.16509926319122314,0.34957727789878845,0.508739709854126,-0.08030080050230026,-0.055116765201091766,1.9948257207870483
0.529649019241333,0.7289741039276123,0.10565130412578583,-0.7956519722938538,-0.2927509844303131,1.8270877599716187
0.8386262655258179,0.9244362711906433,0.02346917986869812,-1.1175251007080078,-0.42136350274086,1.644943356513977
0.9674646854400635,1.0585176944732666,0.2413143366575241,-1.0193721055984497,-0.5401697158813477,1.397571325302124
0.9572596549987793,1.0352178812026978,0.6718862056732178,-0.4829694926738739,-0.6169708371162415,1.0040408372879028
0.5236169099807739,0.30192235112190247,1.9989795684814453,-0.12141130119562149,0.046750813722610474,-0.3723936676979065
0.2606510818004608,-0.308620423078537,2.2273194789886475,0.04675965756177902,0.3868768513202667,-0.15331047773361206
0.2077873796224594,-0.20828565955162048,1.6917502880096436,-0.45152902603149414,0.834160566329956,0.09537039697170258
0.5703842639923096,-0.28569135069847107,1.5404505729675293,-0.5295214056968689,0.6588518023490906,0.2787495255470276
0.8043007850646973,-0.4313550293445587,1.4905260801315308,-0.5670217871665955,0.31879064440727234,0.13673628866672516
0.8709364533424377,-0.5692664384841919,1.4502639770507812,-0.5426746010780334,-0.009138345718383789,-0.04571576043963432
0.7974952459335327,-0.6395407915115356,1.4150185585021973,-0.4730203151702881,-0.2061324417591095,-0.06622190773487091
0.5301322937011719,-0.6544018387794495,1.3957675695419312,-0.31445053219795227,-0.25738638639450073,0.043547604233026505
0.0498521588742733,-0.6005955338478088,1.2831811904907227,-0.09575652331113815,-0.1743142306804657,0.1999301314353943
-0.705058217048645,-0.46736815571784973,0.8540526628494263,0.11605077236890793,-0.06856483966112137,0.49170809984207153
-1.730934500694275,0.11868306249380112,-0.19924107193946838,0.9068365097045898,0.16989782452583313,1.0345566272735596
-0.5128948092460632,0.10017099231481552,-0.49781638383865356,1.4413073062896729,0.7159404754638672,2.231595754623413
-0.04673566669225693,0.12227148562669754,0.3368651270866394,0.7556869387626648,0.4085330367088318,2.2100107669830322
0.1966557502746582,0.49676957726478577,0.39517146348953247,-0.1810871958732605,-0.013937152922153473,1.9701849222183228
0.5638299584388733,0.8425514101982117,0.11314277350902557,-0.8534843325614929,-0.27019041776657104,1.7928991317749023
0.8679486513137817,1.0283088684082031,0.08063427358865738,-1.090844988822937,-0.4473690688610077,1.5842710733413696
1.0037091970443726,1.1241698265075684,0.345096230506897,-0.8585902452468872,-0.5899945497512817,1.3014543056488037
0.8421599268913269,0.8057039380073547,0.9378435015678406,-0.19675256311893463,-0.5459884405136108,0.7506544589996338
0.016587620601058006,0.3010384738445282,2.094999313354492,0.21667072176933289,0.15590229630470276,0.030059248208999634
0.006477570626884699,-0.3970864713191986,2.0371901988983154,0.0927167534828186,1.0770492553710938,-0.8537054657936096
-0.05742674320936203,-0.44312337040901184,1.6771519184112549,-0.5619542002677917,0.6571694612503052,0.2917863726615906
0.6659839749336243,-0.4953884780406952,1.4252170324325562,-0.7922277450561523,0.41506579518318176,0.6026789546012878
1.0108250379562378,-0.6237155199050903,1.4106571674346924,-0.753555417060852,0.16821348667144775,0.11995901167392731
0.9512627124786377,-0.7208532691001892,1.4069807529449463,-0.6129345297813416,-0.12968426942825317,-0.15448404848575592
0.7310709953308105,-0.6991713047027588,1.3974339962005615,-0.4490734040737152,-0.3023388683795929,-0.09206895530223846
0.3205179274082184,-0.6254909634590149,1.355363368988037,-0.180806964635849,-0.28659817576408386,0.1114833801984787
-0.3342069089412689,-0.5077318549156189,1.1181750297546387,0.07163434475660324,-0.10452345758676529,0.3672650158405304
-1.373316764831543,-0.05258288234472275,0.26148897409439087,0.536005437374115,0.1122705265879631,0.8244718313217163
-1.253360390663147,0.49000632762908936,-0.7290310263633728,0.9307070970535278,0.4752397835254669,2.3249332904815674
-0.36370691657066345,0.008821018040180206,0.17532534897327423,1.1676334142684937,0.5820485353469849,2.3871614933013916
-0.04198961704969406,0.17456498742103577,0.5298291444778442,0.4432644844055176,0.23827260732650757,2.073192596435547
0.24853166937828064,0.5417768359184265,0.20105572044849396,-0.3432113230228424,-0.056436263024806976,1.8363555669784546
0.6272560358047485,0.803377628326416,0.0124005526304245,-0.836589515209198,-0.28126534819602966,1.6498576402664185
0.8678927421569824,0.971911609172821,0.10564859211444855,-0.9489596486091614,-0.46440616250038147,1.435790777206421
0.9780908226966858,1.0674196481704712,0.4303774833679199,-0.601567804813385,-0.5959017276763916,1.133560061454773
0.6562674045562744,0.5034419894218445,1.1490931510925293,0.021682748571038246,-0.3616116940975189,0.4760315418243408
-0.1777041256427765,0.2888337969779968,2.3389108180999756,0.2571851313114166,0.4478357136249542,-0.21819713711738586
0.15130671858787537,-0.42668238282203674,2.472858428955078,-0.04402101784944534,1.0620867013931274,-0.43092405796051025
0.1612442582845688,-0.3637736141681671,1.5129483938217163,-0.710963249206543,0.5423858761787415,0.20106150209903717
0.7955617904663086,-0.5271045565605164,1.229875087738037,-0.7801989912986755,0.4028889238834381,0.39151889085769653
1.01404869556427,-0.6368966698646545,1.23431396484375,-0.6948238015174866,0.11764975637197495,0.08157728612422943
0.9117028117179871,-0.686775267124176,1.2339942455291748,-0.5532822012901306,-0.1726999580860138,-0.07712377607822418
0.6656991243362427,-0.6431497931480408,1.247857689857483,-0.37749215960502625,-0.29921093583106995,-0.035340022295713425
0.24759763479232788,-0.5647692680358887,1.2569289207458496,-0.1290956437587738,-0.27180054783821106,0.10646049678325653
-0.34662777185440063,-0.4388379156589508,1.0919082164764404,0.07580617815256119,-0.10105182975530624,0.28840309381484985
-1.2490910291671753,-0.06815042346715927,0.4130222201347351,0.39507055282592773,0.040857963263988495,0.6738208532333374
-1.5974204540252686,0.5733643174171448,-0.6630232334136963,0.9637845158576965,0.29450100660324097,1.7815641164779663
-0.4568082392215729,0.01008700579404831,0.027781203389167786,1.250072956085205,0.680890679359436,2.3121204376220703
-0.11534511297941208,0.0570693239569664,0.5486682653427124,0.6049734354019165,0.23466041684150696,2.079996109008789
0.18864402174949646,0.43221068382263184,0.24336419999599457,-0.1923709213733673,-0.12235357612371445,1.8090919256210327
0.583135187625885,0.7164841294288635,0.021996617317199707,-0.7987918257713318,-0.3035704493522644,1.6557486057281494
0.8519999384880066,0.9101142287254333,0.07887589931488037,-1.0266376733779907,-0.4387129247188568,1.47761070728302
0.9758617877960205,1.0670968294143677,0.34928983449935913,-0.829248309135437,-0.5582144856452942,1.2264941930770874
0.8744217157363892,0.8757700324058533,0.9033534526824951,-0.22678841650485992,-0.5460997223854065,0.7207475900650024
0.07599402219057083,0.2756039500236511,1.951815128326416,0.1936575174331665,0.07828687876462936,-0.029743608087301254
-0.2638181149959564,-0.16002026200294495,1.7243711948394775,-0.2377946674823761,1.032319188117981,-0.5096774101257324
0.0437612310051918,-0.29349297285079956,1.6275283098220825,-0.35372138023376465,0.6629852652549744,-0.020082663744688034
0.648715615272522,-0.4794192612171173,1.4522721767425537,-0.5450419783592224,0.3170730769634247,0.38199877738952637
1.0284969806671143,-0.6034643054008484,1.435308575630188,-0.6451398730278015,0.09475676715373993,0.20079456269741058
1.0514695644378662,-0.6813580393791199,1.46122407913208,-0.5961262583732605,-0.07788819819688797,-0.047870051115751266
0.8749191164970398,-0.668508768081665,1.4734469652175903,-0.45962223410606384,-0.18046194314956665,-0.0638483315706253
0.5229170322418213,-0.6085030436515808,1.4517828226089478,-0.24807144701480865,-0.20086604356765747,0.06659851968288422
-0.01413779892027378,-0.5080226063728333,1.291721224784851,-0.03491242229938507,-0.10724722594022751,0.23584823310375214
-0.8171460628509521,-0.34769222140312195,0.7923752665519714,0.15950238704681396,-0.00979258120059967,0.5384606122970581
-1.8070271015167236,0.2042107880115509,-0.26290595531463623,0.9899349212646484,0.20384535193443298,1.074425458908081
-0.4619949758052826,0.08865507692098618,-0.42686939239501953,1.4280418157577515,0.7831040024757385,2.2578468322753906
-0.0700569674372673,0.1197308823466301,0.3748149871826172,0.7524014711380005,0.3835402727127075,2.233236789703369
0.20160916447639465,0.5012132525444031,0.3788648843765259,-0.16867291927337646,-0.03884773701429367,1.9847878217697144
0.5917538404464722,0.8525991439819336,0.10562485456466675,-0.8477542996406555,-0.29104238748550415,1.7984358072280884
0.9059882164001465,1.0562403202056885,0.1006801500916481,-1.084220290184021,-0.46479037404060364,1.5740770101547241
1.0487009286880493,1.1555405855178833,0.4086567163467407,-0.8123339414596558,-0.601535975933075,1.265574336051941
0.7916848659515381,0.6898155808448792,1.1082721948623657,-0.14561064541339874,-0.5004645586013794,0.6305181384086609
0.28609395027160645,-0.047195397317409515,1.8167505264282227,0.01711069978773594,0.5693122744560242,-0.6354754567146301
-0.2165202498435974,-0.148355633020401,1.8421120643615723,-0.339348703622818,0.8445867896080017,0.08370561897754669
0.16847753524780273,-0.21309718489646912,1.7007009983062744,-0.49690890312194824,0.6128769516944885,0.4117383360862732
0.6025513410568237,-0.4364195168018341,1.5836620330810547,-0.5521047711372375,0.3355318009853363,0.260431706905365
0.8220776319503784,-0.6329147815704346,1.5369311571121216,-0.5451544523239136,0.03601180389523506,-0.05975029990077019
0.8802942037582397,-0.7123257517814636,1.5140454769134521,-0.5024569034576416,-0.18396463990211487,-0.15445943176746368
0.7638867497444153,-0.7010572552680969,1.523369550704956,-0.3720618188381195,-0.23836544156074524,-0.024022947996854782
0.3873668313026428,-0.6262649297714233,1.4927301406860352,-0.1641327291727066,-0.19840988516807556,0.1528332382440567
-0.24523110687732697,-0.48236051201820374,1.228471040725708,-0.0008356631733477116,-0.11435093730688095,0.34229713678359985
-1.2589600086212158,-0.061186783015728,0.4212155342102051,0.3874872326850891,-0.03697345405817032,0.724582850933075
-1.4292429685592651,0.5215243697166443,-0.8930377960205078,1.3421722650527954,0.26980531215667725,1.9437899589538574
-0.4489816129207611,0.06046885997056961,0.31835395097732544,1.0696624517440796,0.597162663936615,2.352161407470703
-0.07181470841169357,0.23194783926010132,0.6825757026672363,0.2815423905849457,0.18637153506278992,2.100855827331543
0.2670809030532837,0.5730761289596558,0.195196732878685,-0.43885481357574463,-0.12925982475280762,1.8769481182098389
0.6574655175209045,0.7726811766624451,-0.04605741798877716,-0.8777989745140076,-0.30905458331108093,1.695999026298523
0.8717544078826904,0.9119669198989868,0.061465054750442505,-0.970853865146637,-0.4570678174495697,1.47596275806427
0.9656292200088501,1.0239299535751343,0.3876091241836548,-0.6581924557685852,-0.5660901665687561,1.1756396293640137
0.7304625511169434,0.5850614309310913,1.0916889905929565,-0.013698017224669456,-0.4444252550601959,0.5554585456848145
-0.10410233587026596,0.2905327081680298,2.2950708866119385,0.25431135296821594,0.23515650629997253,-0.07988336682319641
-0.3085559904575348,-0.2607975900173187,1.712153673171997,-0.29597675800323486,1.0456479787826538,-0.4365844130516052
0.15478962659835815,-0.46509453654289246,1.5342671871185303,-0.44433867931365967,0.6654310822486877,0.04563586786389351
0.7915880084037781,-0.5924577116966248,1.389066457748413,-0.6438916325569153,0.2780965566635132,0.34275466203689575
1.0956273078918457,-0.6698302626609802,1.394932746887207,-0.6978675723075867,0.031167708337306976,0.1324813812971115
1.0134387016296387,-0.7029660940170288,1.4252886772155762,-0.5988778471946716,-0.14502692222595215,-0.04166356846690178
0.7033945918083191,-0.6688753366470337,1.4359581470489502,-0.4013230502605438,-0.24040284752845764,-0.003128599375486374
0.19658121466636658,-0.5754121541976929,1.3579859733581543,-0.13950461149215698,-0.20468130707740784,0.15020503103733063
-0.5278820991516113,-0.4547610580921173,1.0195043087005615,0.08941604942083359,-0.057126112282276154,0.4083554744720459
-1.5965111255645752,0.08092059940099716,0.029450401663780212,0.7020993232727051,0.14694806933403015,0.8941608667373657
-0.8062182664871216,0.3351490795612335,-0.8201820254325867,1.397733449935913,0.6480154991149902,2.018198251724243
-0.1934269219636917,0.002370007336139679,0.3636630177497864,0.9043100476264954,0.5057535171508789,2.2992119789123535
0.11369112879037857,0.34507083892822266,0.5552216172218323,0.012320080772042274,0.03888785094022751,2.060058355331421
0.4866867661476135,0.7605811953544617,0.13308081030845642,-0.7365559935569763,-0.23358464241027832,1.8671942949295044
0.838115394115448,0.9863646030426025,0.019126616418361664,-1.0885307788848877,-0.40972235798835754,1.6592961549758911
1.007331132888794,1.127249836921692,0.25233006477355957,-0.99089515209198,-0.5703318119049072,1.381698727607727
0.9671117067337036,1.0153955221176147,0.7580415606498718,-0.40733906626701355,-0.6387104392051697,0.9271001815795898
0.2565171420574188,0.44241970777511597,1.9071952104568481,0.12048538774251938,-0.10734281688928604,0.20383885502815247
-0.2717856764793396,-0.2920580804347992,2.096672296524048,0.15714500844478607,0.5474802255630493,-0.4914916753768921
-0.09289326518774033,-0.3780439794063568,1.6461145877838135,-0.49177178740501404,0.8282238841056824,-0.07383640110492706
0.5784655809402466,-0.4711807668209076,1.4635827541351318,-0.6514573693275452,0.6243712306022644,0.33377164602279663
1.016047477722168,-0.5605428218841553,1.4422318935394287,-0.7034755945205688,0.3082732856273651,0.22390992939472198
1.0676286220550537,-0.6392112374305725,1.4437562227249146,-0.6218400597572327,-0.011985771358013153,-0.0133596770465374
0.8965963125228882,-0.6500388979911804,1.4299525022506714,-0.48698922991752625,-0.2239258587360382,-0.06637577712535858
0.5478176474571228,-0.6095682382583618,1.4111363887786865,-0.2817407548427582,-0.2789627015590668,0.03646031394600868
0.015076300129294395,-0.5206563472747803,1.2934917211532593,-0.04082968831062317,-0.16382718086242676,0.20523039996623993
-0.758853554725647,-0.37472161650657654,0.860549807548523,0.15302029252052307,-0.01764489710330963,0.5001282095909119
-1.7582459449768066,0.17780852317810059,-0.1813565343618393,0.9206910133361816,0.22245162725448608,1.0297293663024902
-0.5320829153060913,0.09875651448965073,-0.5115529298782349,1.442268967628479,0.7654600143432617,2.2556545734405518
-0.08556739240884781,0.09141132980585098,0.3208407163619995,0.7906069159507751,0.41775238513946533,2.2485547065734863
0.17635664343833923,0.46186450123786926,0.3944469690322876,-0.14941370487213135,-0.018942072987556458,1.9906240701675415
0.5549026131629944,0.8202303051948547,0.11854730546474457,-0.8526132106781006,-0.27889543771743774,1.803589105606079
0.8735466003417969,1.0244132280349731,0.08320513367652893,-1.1204159259796143,-0.45045205950737,1.591164469718933
1.0179166793823242,1.1405885219573975,0.34756433963775635,-0.9189751744270325,-0.5973020792007446,1.3078696727752686
0.8844813108444214,0.879692554473877,0.9319274425506592,-0.28173431754112244,-0.5981405377388,0.777192234992981
0.10231421142816544,0.6091757416725159,2.3574910163879395,0.14501851797103882,0.0022535547614097595,0.15180832147598267
0.30051010847091675,-0.40402308106422424,2.875304937362671,-0.0055403620935976505,1.2368807792663574,-0.7302659153938293
0.11451993137598038,-0.6407335996627808,1.869655728340149,-0.22725659608840942,0.38161787390708923,0.29398247599601746
0.5252338647842407,-0.43662014603614807,1.3094403743743896,-0.8520081043243408,0.38271328806877136,0.3384063243865967
0.8737214803695679,-0.5418701767921448,1.2441213130950928,-0.7511915564537048,0.26377320289611816,0.09914647042751312
0.8825310468673706,-0.6162354350090027,1.25184965133667,-0.5576552748680115,-0.005082137882709503,-0.04546661302447319
0.7011175751686096,-0.6054572463035583,1.2576613426208496,-0.38766056299209595,-0.199922114610672,-0.018776487559080124
0.341643363237381,-0.5592078566551208,1.2639365196228027,-0.18755002319812775,-0.2539651095867157,0.09046091139316559
-0.19768553972244263,-0.4677259027957916,1.1377408504486084,0.005902265664190054,-0.137650728225708,0.23849956691265106
-1.0240435600280762,-0.2168731391429901,0.6075884103775024,0.24710974097251892,-0.01798548549413681,0.5736482739448547
-1.877058506011963,0.331939697265625,-0.3572942018508911,1.12931227684021,0.21515995264053345,1.105366826057434
-0.46204009652137756,0.0755087360739708,-0.3284371495246887,1.4042918682098389,0.7552888989448547,2.1971583366394043
-0.07478343695402145,0.09323994070291519,0.4284016489982605,0.7255567908287048,0.3196679651737213,2.169689655303955
0.20313501358032227,0.46827423572540283,0.34017395973205566,-0.17395396530628204,-0.10656139999628067,1.921467900276184
0.5851552486419678,0.7790434956550598,0.07632258534431458,-0.8605535626411438,-0.3183174729347229,1.7545756101608276
0.8703715801239014,0.9572070837020874,0.07583524286746979,-1.1175130605697632,-0.4560260474681854,1.5570050477981567
0.9943248629570007,1.080243468284607,0.3244308829307556,-0.9361804723739624,-0.5746697783470154,1.2904080152511597
0.9113752841949463,0.9155072569847107,0.8367191553115845,-0.3306756019592285,-0.5961476564407349,0.804037868976593
0.19832921028137207,0.5424447059631348,2.1107025146484375,0.1366286277770996,-0.05643267184495926,0.14882908761501312
0.0030074031092226505,-0.17920860648155212,2.219313621520996,0.17723089456558228,0.6631149649620056,-0.57305508852005
-0.05080240219831467,-0.43814775347709656,1.5819497108459473,-0.5025438666343689,0.7716701626777649,-0.020690064877271652
0.5730140805244446,-0.546065628528595,1.36216139793396,-0.6928841471672058,0.5359975695610046,0.3989078402519226
0.9763011932373047,-0.6172931790351868,1.3524534702301025,-0.7288731932640076,0.24875569343566895,0.21570460498332977
1.002404808998108,-0.6772554516792297,1.364416480064392,-0.6153261065483093,-0.03878059983253479,-0.032443951815366745
0.8173779249191284,-0.6627042889595032,1.364617109298706,-0.4582134187221527,-0.22100135684013367,-0.06243259832262993
0.45716580748558044,-0.6018664836883545,1.354891300201416,-0.23699210584163666,-0.25953444838523865,0.056192655116319656
-0.08200690895318985,-0.5023277401924133,1.2279030084609985,-0.003009407315403223,-0.13114425539970398,0.22900351881980896
-0.8857947587966919,-0.3144747316837311,0.7348960638046265,0.20646390318870544,0.012129075825214386,0.5527319312095642
-1.8219577074050903,0.2255023717880249,-0.2930678129196167,1.0393110513687134,0.2469307780265808,1.1002740859985352
-0.4972836673259735,0.04613720625638962,-0.4143984913825989,1.4416778087615967,0.7771195769309998,2.2500526905059814
-0.09869805723428726,0.06575768440961838,0.37506741285324097,0.7764652967453003,0.38714835047721863,2.2283284664154053
0.17026719450950623,0.4559897482395172,0.36731910705566406,-0.1505148559808731,-0.03667456656694412,1.965300440788269
0.5522783994674683,0.8044110536575317,0.10242035984992981,-0.8569649457931519,-0.28224536776542664,1.785893201828003
0.8669427037239075,1.002958059310913,0.08136192709207535,-1.1339486837387085,-0.44448086619377136,1.5828529596328735
1.01112961769104,1.126907229423523,0.3343508243560791,-0.9607875943183899,-0.5843409299850464,1.310961365699768
0.9236026406288147,0.946203887462616,0.8655065298080444,-0.3533141613006592,-0.6085487008094788,0.8166692852973938
0.20309558510780334,0.5149368047714233,2.0819334983825684,0.1192883774638176,-0.051623545587062836,0.1283794343471527
-0.2194696068763733,-0.042699284851551056,2.4452366828918457,0.20697064697742462,0.6679471731185913,-0.5462943911552429
0.1236243024468422,-0.5015114545822144,2.032564401626587,-0.18241247534751892,0.8074787259101868,-0.01199335977435112
0.6377071738243103,-0.47598811984062195,1.3723543882369995,-0.8641383051872253,0.6202611327171326,0.32807865738868713
1.0844168663024902,-0.5783868432044983,1.279010534286499,-0.8985183238983154,0.3392684757709503,0.2139497846364975
1.0951817035675049,-0.6766864657402039,1.2796730995178223,-0.709169328212738,-0.00341217964887619,-0.009863626211881638
0.8452479243278503,-0.6937718987464905,1.2722282409667969,-0.50273197889328,-0.25367555022239685,-0.04221070930361748
0.398100882768631,-0.649627149105072,1.2888867855072021,-0.2483588457107544,-0.33107805252075195,0.07025967538356781
-0.24291880428791046,-0.5210549831390381,1.174696922302246,0.024410812184214592,-0.2047560214996338,0.23888544738292694
-1.1407140493392944,-0.203703373670578,0.6192071437835693,0.3166562020778656,-0.07287809997797012,0.5864935517311096
-1.989377737045288,0.4058990180492401,-0.4075392484664917,1.236694097518921,0.19574567675590515,1.109028697013855
-0.5017037391662598,0.059114448726177216,-0.31004953384399414,1.4409055709838867,0.7555530667304993,2.208256721496582
-0.09131955355405807,0.06639675050973892,0.47044259309768677,0.743706464767456,0.29803797602653503,2.1716604232788086
0.21112850308418274,0.4599246084690094,0.33924609422683716,-0.17540089786052704,-0.1328052282333374,1.910396933555603
0.607914924621582,0.7769199013710022,0.06318017840385437,-0.8927890062332153,-0.33358460664749146,1.7544769048690796
0.8970158100128174,0.955998957157135,0.06376183778047562,-1.1729395389556885,-0.4608767330646515,1.5719966888427734
1.0132532119750977,1.0901347398757935,0.3023374080657959,-1.0150046348571777,-0.5752135515213013,1.3257135152816772
0.9574685096740723,1.00714910030365,0.7639989256858826,-0.42975637316703796,-0.6260694265365601,0.8972615003585815
0.31326624751091003,0.48126599192619324,1.8332085609436035,0.08708050847053528,-0.14903712272644043,0.19550971686840057
-0.24154001474380493,-0.14215105772018433,2.167611837387085,0.17870226502418518,0.467051237821579,-0.4782961905002594
-0.11021526902914047,-0.3208264708518982,1.6166476011276245,-0.4219047725200653,0.7954199314117432,-0.11202509701251984
0.532836377620697,-0.45378080010414124,1.4302951097488403,-0.5892860293388367,0.6091822981834412,0.3324255347251892
0.9760663509368896,-0.5403068661689758,1.4140138626098633,-0.6844196915626526,0.3191384971141815,0.25402307510375977
1.0549570322036743,-0.619596004486084,1.4253056049346924,-0.6228474974632263,0.028113417327404022,0.002069283276796341
0.9119695425033569,-0.6313657164573669,1.4208720922470093,-0.49981045722961426,-0.17928838729858398,-0.07211361825466156
0.6140073537826538,-0.5964635610580444,1.405855417251587,-0.309293270111084,-0.23890963196754456,0.017331112176179886
0.13440287113189697,-0.5112023949623108,1.31974458694458,-0.0861741304397583,-0.15723708271980286,0.17046529054641724
-0.5582200288772583,-0.415251761674881,0.9885329604148865,0.07702329009771347,-0.017773546278476715,0.42312923073768616
-1.5861550569534302,0.08468588441610336,0.03757403790950775,0.6579949855804443,0.18556633591651917,0.9262529611587524
-0.781523585319519,0.3006170690059662,-0.8050065636634827,1.3430912494659424,0.6506537199020386,2.047844886779785
-0.18025831878185272,-0.03738196939229965,0.3503614068031311,0.886730968952179,0.5165968537330627,2.322850227355957
0.09773699194192886,0.3122287690639496,0.5230211019515991,0.015967780724167824,0.05546849966049194,2.080345869064331
0.4561993181705475,0.7263460755348206,0.12638258934020996,-0.7270209193229675,-0.21061870455741882,1.8845516443252563
0.801477313041687,0.9521987438201904,0.023132428526878357,-1.0877528190612793,-0.38671818375587463,1.6758452653884888
0.9699651002883911,1.0927081108093262,0.23340369760990143,-1.0251083374023438,-0.5420297384262085,1.4062107801437378
0.9769222736358643,1.0450319051742554,0.6779157519340515,-0.5015106797218323,-0.62769615650177,0.9878271222114563
0.5135155916213989,0.31423476338386536,2.458977460861206,-0.330258846282959,0.17104887962341309,-0.28168725967407227
0.06254420429468155,-0.2626163959503174,1.915147304534912,-0.046471841633319855,0.31848207116127014,-0.2406945377588272
0.38655826449394226,-0.26962101459503174,1.50729238986969,-0.2908540368080139,0.8089094161987305,0.06995460391044617
0.7116988897323608,-0.2987014949321747,1.4764636754989624,-0.4464499056339264,0.6094727516174316,0.274621844291687
0.84883713722229,-0.3974107503890991,1.4708961248397827,-0.5482451319694519,0.29072055220603943,0.15175093710422516
0.8575013875961304,-0.5316430926322937,1.4387776851654053,-0.539533793926239,-0.0033301040530204773,-0.025186222046613693
0.759788990020752,-0.6159594655036926,1.4066716432571411,-0.46815499663352966,-0.18884265422821045,-0.0569579117000103
0.486693412065506,-0.6585027575492859,1.3947513103485107,-0.3156467378139496,-0.25163429975509644,0.046495337039232254
0.0013907612301409245,-0.6240158677101135,1.2959791421890259,-0.11470256745815277,-0.20127764344215393,0.18938235938549042
-0.7361511588096619,-0.4937535226345062,0.8714507818222046,0.10664232820272446,-0.1290791928768158,0.4594670236110687
-1.7670655250549316,0.13393408060073853,-0.1867898404598236,0.8972519636154175,0.07699591666460037,0.982755720615387
-0.535843014717102,0.13185018301010132,-0.5289445519447327,1.437220811843872,0.6660342216491699,2.201178550720215
-0.03144296258687973,0.14334744215011597,0.3555194139480591,0.7357599139213562,0.38531970977783203,2.182262420654297
0.2205827832221985,0.5145960450172424,0.41157281398773193,-0.20658230781555176,-0.041811294853687286,1.9487355947494507
0.5896362066268921,0.8497588038444519,0.10788337886333466,-0.8780492544174194,-0.29079553484916687,1.7798599004745483
0.8855845928192139,1.0196858644485474,0.07168392091989517,-1.1080641746520996,-0.45698806643486023,1.5788735151290894
1.01078200340271,1.1115063428878784,0.327095627784729,-0.8708091974258423,-0.5866385102272034,1.3007996082305908
0.8545539379119873,0.8040242791175842,0.902848482131958,-0.19343647360801697,-0.5414707064628601,0.7635105848312378
0.24399861693382263,0.48997774720191956,2.4839816093444824,0.08538780361413956,0.18427175283432007,0.09217245876789093
-0.5274671316146851,-0.5406065583229065,1.9664783477783203,0.17417436838150024,0.6581670045852661,-0.568085253238678
0.03556526452302933,-0.4394555389881134,1.5278797149658203,-0.42554184794425964,0.8411144018173218,0.016341377049684525
1.2025163173675537,-1.2996540069580078,0.37674546241760254,-2.192274332046509,1.8560048341751099,0.4905702471733093
0.9595183730125427,-1.3580113649368286,0.6483429074287415,-1.6658273935317993,0.9981669187545776,0.4389575719833374
-0.11459153145551682,-1.194725751876831,0.5424957275390625,-1.1355254650115967,-0.15245646238327026,0.5771803259849548
-1.9264267683029175,-0.25884655117988586,0.2885359525680542,0.3623054027557373,-0.6548836827278137,1.686174988746643
-1.8090596199035645,1.11835777759552,-0.3749104142189026,2.021228313446045,-0.4162428081035614,3.211191415786743
-0.5661959052085876,0.48280462622642517,0.764462947845459,1.3091928958892822,-0.6695238351821899,3.418210029602051
0.37510010600090027,0.43440350890159607,0.22992120683193207,0.19232141971588135,-0.5873570442199707,3.2835137844085693
-1.0640597343444824,0.8511756658554077,-0.7275570631027222,-0.8995198011398315,-0.35558393597602844,2.881239175796509
0.17133721709251404,0.5446680188179016,0.11041952669620514,-1.326780915260315,-0.5271222591400146,2.262650489807129
0.0014742673374712467,0.49202021956443787,-0.041268881410360336,-1.5650599002838135,-0.5227171778678894,1.867780327796936
0.13783329725265503,0.21265438199043274,0.03539515286684036,-1.4214670658111572,-0.41649553179740906,1.684775710105896
0.19423377513885498,-0.08908093720674515,-0.0923328623175621,-1.2567834854125977,-0.19743871688842773,1.6464396715164185
0.1780397891998291,-0.2815798223018646,-0.20194865763187408,-1.0829381942749023,-0.012580908834934235,1.640872597694397
0.13027650117874146,-0.2815696597099304,-0.15529705584049225,-0.9185619354248047,0.10793199390172958,1.60749351978302
0.12646491825580597,-0.088592030107975,-0.0321936160326004,-0.8199885487556458,0.15382111072540283,1.550177812576294
0.14902664721012115,0.17711064219474792,0.06806133687496185,-0.7714224457740784,0.13505849242210388,1.4709762334823608
0.17686380445957184,0.35432472825050354,0.12520577013492584,-0.7004780173301697,0.09370747953653336,1.3786348104476929
0.16284646093845367,0.3931051790714264,0.15073053538799286,-0.5603076219558716,0.09922859817743301,1.2691365480422974
0.10394544154405594,0.3265562355518341,0.17698334157466888,-0.3427828848361969,0.19782930612564087,1.1338647603988647
0.04969722777605057,0.19349882006645203,0.2726498246192932,-0.047943778336048126,0.4093989431858063,0.9283948540687561
-0.036303989589214325,-0.07079527527093887,0.5908478498458862,0.3661282956600189,0.7715301513671875,0.5112692713737488
-1.002420425415039,-0.8629947304725647,1.6590514183044434,1.1867032051086426,1.2827386856079102,-0.6886189579963684
-1.6753876209259033,-1.0852391719818115,1.3180567026138306,1.0270856618881226,-0.5255023241043091,-0.5486825108528137
-1.028401255607605,-0.8108434081077576,0.777223527431488,0.40272149443626404,-0.0798523798584938,0.2944287359714508
0.3382018506526947,-0.8747511506080627,0.5727453231811523,0.04775490611791611,0.9673572182655334,0.9129623770713806
0.7081575393676758,-0.9222473502159119,0.14498373866081238,-0.6326838135719299,1.0180137157440186,0.9983400702476501
0.4376218020915985,-0.8176179528236389,-0.4027363061904907,-0.8878939747810364,1.0628492832183838,0.9151443839073181
0.29754504561424255,-0.6491369009017944,-0.8086150884628296,-0.7886790633201599,1.3057194948196411,1.5306018590927124
0.6434053182601929,0.11321442574262619,-0.6494781374931335,-0.08230677992105484,0.9828379154205322,2.732302665710449
-0.030605101957917213,-1.0195389986038208,-0.3776558041572571,0.3276379406452179,0.809734582901001,2.8216552734375
-0.25409409403800964,0.5799724459648132,0.4525787830352783,-0.05526784807443619,-0.025640927255153656,2.571122407913208
0.36224761605262756,1.2362629175186157,0.40049809217453003,-0.719904899597168,-0.2765696048736572,2.2498295307159424
0.5863966941833496,1.249586582183838,0.3007712960243225,-1.0356576442718506,-0.33416029810905457,1.9042298793792725
0.4846010208129883,0.7521483302116394,0.5496387481689453,-0.692105770111084,-0.13436123728752136,1.4827007055282593
0.1571546494960785,-0.24588435888290405,0.9636980295181274,0.19495251774787903,0.5443000793457031,0.6815131306648254
-0.3228764832019806,-1.47648286819458,1.342599868774414,0.9827401041984558,0.9101594686508179,-0.44569459557533264
0.45030292868614197,-0.9726241230964661,2.430666208267212,0.6377077698707581,0.014727108180522919,-0.4308580458164215
-0.196153461933136,-0.38019999861717224,1.168208122253418,-0.3786519467830658,-0.5869208574295044,0.2517896294593811
0.24726420640945435,-0.5353042483329773,0.9506741166114807,-0.040960945188999176,0.14542412757873535,0.5652766227722168
0.3829568326473236,-0.7275293469429016,1.0764554738998413,0.013155752792954445,0.3539726436138153,0.2621757984161377
0.33563941717147827,-0.7179299592971802,1.0616302490234375,-0.03993091732263565,0.16636735200881958,-0.020916473120450974
0.3766933083534241,-0.647085428237915,1.0309151411056519,-0.036465324461460114,0.04493095725774765,-0.11594267189502716
0.4928741455078125,-0.5745901465415955,1.063831090927124,-0.05557999759912491,0.04355383664369583,-0.0497591607272625
0.590397834777832,-0.505081832408905,1.040908694267273,-0.1305825114250183,0.14333510398864746,0.09860281646251678
0.5176670551300049,-0.44892653822898865,0.6937798857688904,-0.2931419312953949,0.3812597990036011,0.4213370680809021
0.3247819244861603,-0.4462564289569855,-0.04801343381404877,-0.6245406270027161,0.8549751043319702,1.070628046989441
0.5720232725143433,-0.1847396194934845,-0.7642253637313843,-0.6218318343162537,0.9518516063690186,2.3424856662750244
0.16591009497642517,0.11804219335317612,-0.3015308380126953,-0.23115068674087524,0.22867950797080994,2.617051124572754
0.09513906389474869,0.15547552704811096,0.30992865562438965,-0.5043469667434692,-0.04427441954612732,2.5012290477752686
0.10890256613492966,0.48564615845680237,0.3181573152542114,-0.907492458820343,-0.09418780356645584,2.207803249359131
0.11312205344438553,0.6143134832382202,0.2229101061820984,-1.104413628578186,-0.05320543795824051,1.9886709451675415
0.13398925960063934,0.5178807377815247,0.13963496685028076,-1.0758275985717773,-0.006535254418849945,1.8428705930709839
0.11019875854253769,0.35389867424964905,0.0373198539018631,-0.9231306910514832,0.032202161848545074,1.7216198444366455
0.06837278604507446,0.20439854264259338,-0.03022114932537079,-0.7502398490905762,0.05887449532747269,1.6016368865966797
0.03531188517808914,0.11879574507474899,-0.030817434191703796,-0.593559980392456,0.07959292829036713,1.4557232856750488
0.049338020384311676,0.10047652572393417,0.026252612471580505,-0.4479152262210846,0.1204904317855835,1.2871874570846558
0.08976780623197556,0.1342114508152008,0.1669558733701706,-0.23337557911872864,0.19935506582260132,1.0557316541671753
0.13421283662319183,0.12842205166816711,0.5390740036964417,0.17782257497310638,0.37044501304626465,0.6374956965446472
0.008341049775481224,-0.2339959442615509,1.3998647928237915,0.9139926433563232,0.44922706484794617,-0.270579993724823
0.1933305263519287,-0.25679293274879456,2.527129888534546,0.6706634759902954,-0.30261683464050293,-0.7827958464622498
-0.16672146320343018,-0.17279604077339172,2.0057852268218994,0.3027242124080658,-1.0412712097167969,0.01993449404835701
0.34789860248565674,-0.21825993061065674,1.6631239652633667,0.27500930428504944,-0.4691084325313568,0.2808033525943756
0.03502792865037918,-0.295803964138031,1.159907579421997,-0.1709280014038086,0.26822930574417114,0.5320677757263184
0.196815624833107,-0.5659894347190857,1.1329164505004883,-0.1661224067211151,0.7630900740623474,0.21906159818172455
0.3308235704898834,-0.6556099057197571,1.083804726600647,-0.14265328645706177,0.5899492502212524,-0.04052655026316643
0.4330040514469147,-0.6321391463279724,1.0176103115081787,-0.09904221445322037,0.2737272381782532,-0.073481485247612
0.5130693912506104,-0.5857182145118713,0.9202709197998047,-0.09082446247339249,0.1476888656616211,0.04030301049351692
0.47645020484924316,-0.5646988749504089,0.5793754458427429,-0.194707989692688,0.27737247943878174,0.3240280747413635
0.38877546787261963,-0.5592257380485535,-0.08343063294887543,-0.4516822397708893,0.7004659175872803,0.8592069149017334
0.5728749632835388,-0.16712716221809387,-1.5106399059295654,-0.36206936836242676,1.0538957118988037,2.2668769359588623
0.4275702238082886,-0.857787549495697,0.07317955791950226,-0.2649778425693512,0.47427162528038025,2.261500358581543
0.1784071922302246,-0.3574097454547882,0.20945878326892853,-0.5484796166419983,0.2579050660133362,2.0899972915649414
-0.024913379922509193,0.4714762270450592,0.314635694026947,-0.8044264316558838,0.11701654642820358,1.9197936058044434
0.047949083149433136,0.8207077980041504,0.2789831757545471,-1.009793758392334,0.06214427202939987,1.8219722509384155
0.15284566581249237,0.7652955055236816,0.17441919445991516,-1.05864417552948,0.05549965798854828,1.7417935132980347
0.19104717671871185,0.573600709438324,0.049089983105659485,-0.9596022367477417,0.0756225660443306,1.6613682508468628
0.15368695557117462,0.377008855342865,-0.02370719611644745,-0.7903075814247131,0.08847759664058685,1.5621511936187744
0.10364889353513718,0.2320404052734375,-0.020097121596336365,-0.614310085773468,0.11423702538013458,1.4430019855499268
0.08382067084312439,0.15896672010421753,0.04905928671360016,-0.4155168831348419,0.16912029683589935,1.284303903579712
0.10500021278858185,0.13561105728149414,0.2244681566953659,-0.12012844532728195,0.26581716537475586,1.0298594236373901
0.14562591910362244,0.005354933440685272,0.7001729011535645,0.37607458233833313,0.4325999319553375,0.5007852911949158
-0.016272539272904396,-0.5408336520195007,1.552558422088623,1.1196744441986084,0.3045375347137451,-0.5971503853797913
-0.6190171241760254,-0.09451695531606674,1.4943400621414185,0.3937874436378479,-0.8403722047805786,-0.5032492876052856
-0.25210389494895935,-0.1848004162311554,1.1748058795928955,0.3762105107307434,-0.8080036640167236,0.22637604176998138
0.19969329237937927,-0.35404813289642334,1.1806405782699585,0.25089725852012634,-0.18762069940567017,0.46439024806022644
0.33413803577423096,-0.4900456368923187,1.2913802862167358,0.018113011494278908,0.23585808277130127,0.3081071972846985
0.3511553704738617,-0.5521469712257385,1.2824695110321045,-0.1280260980129242,0.34966841340065,0.05845918133854866
0.40850117802619934,-0.5862324237823486,1.212743878364563,-0.15538644790649414,0.30524492263793945,-0.06295518577098846
0.4776114523410797,-0.61616450548172,1.1618034839630127,-0.15091651678085327,0.22731295228004456,-0.036110829561948776
0.4824913442134857,-0.6172300577163696,1.054137945175171,-0.14354729652404785,0.2475053369998932,0.09668754041194916
0.3323535621166229,-0.636688232421875,0.6089209318161011,-0.23308245837688446,0.41959765553474426,0.48193708062171936
0.13814355432987213,-0.7042480111122131,-0.3379281759262085,-0.4798184335231781,0.8592930436134338,1.2931512594223022
0.7918980717658997,-0.8174262642860413,-1.2907453775405884,0.01421269215643406,0.8081569671630859,2.381539821624756
0.06813005357980728,-0.25838714838027954,0.08714284002780914,-0.11591211706399918,0.5479027032852173,2.349564552307129
0.09204448014497757,0.36663031578063965,0.2619895935058594,-0.6363384127616882,0.3428856134414673,2.205477714538574
0.1419478803873062,0.866960346698761,0.2991185784339905,-1.067486047744751,0.12208863347768784,2.014974594116211
0.22722655534744263,0.9422703981399536,0.26907771825790405,-1.2279274463653564,0.019760631024837494,1.8805474042892456
0.2833018898963928,0.7656731605529785,0.18805848062038422,-1.1394026279449463,0.04583044350147247,1.7713030576705933
0.26374462246894836,0.5297101736068726,0.09947808086872101,-0.8913792967796326,0.13151085376739502,1.6462944746017456
0.19142574071884155,0.31652918457984924,0.10180866718292236,-0.561947226524353,0.255325049161911,1.4792189598083496
0.12993253767490387,0.12830784916877747,0.2798607349395752,-0.11353787034749985,0.42270100116729736,1.1524298191070557
0.0952504500746727,-0.275285542011261,0.8040895462036133,0.5282304286956787,0.5779078006744385,0.4485282301902771
0.09726367145776749,-0.5250008702278137,1.7362178564071655,0.851031482219696,0.34334447979927063,-0.9754039645195007
-0.5328264832496643,-0.20277655124664307,1.4728350639343262,0.278678297996521,-0.9034573435783386,-0.09597502648830414
-0.02852451242506504,-0.28203174471855164,1.21163010597229,0.3134988844394684,-0.7588104009628296,0.49684053659439087
0.28714266419410706,-0.472468763589859,1.3067147731781006,0.2778356671333313,-0.1354466676712036,0.41050300002098083
0.26848453283309937,-0.5570273399353027,1.3754551410675049,0.08663024753332138,0.13321274518966675,0.15019230544567108
0.26278284192085266,-0.5553200244903564,1.3335282802581787,-0.05238441377878189,0.20760726928710938,-0.03748379275202751
0.3511207401752472,-0.5610863566398621,1.2589313983917236,-0.09760729223489761,0.21791282296180725,-0.07888956367969513
0.44526219367980957,-0.5947278738021851,1.2007888555526733,-0.11728871613740921,0.21445530652999878,-0.007384192198514938
0.43407127261161804,-0.5967362523078918,1.0543782711029053,-0.13110631704330444,0.2946305274963379,0.153394415974617
0.25912532210350037,-0.6324638724327087,0.5163261890411377,-0.2573547065258026,0.4989580512046814,0.6017616391181946
0.07478683441877365,-0.7233538627624512,-0.5289386510848999,-0.48045799136161804,0.9657503962516785,1.492636799812317
0.5490975975990295,-0.5390265583992004,-0.8946387767791748,0.20032164454460144,0.7087398767471313,2.3043646812438965
0.3586210012435913,-0.36035987734794617,0.08028735220432281,-0.18431171774864197,0.5659009218215942,2.321664810180664
0.15277302265167236,0.3531917929649353,0.2711073160171509,-0.7126581072807312,0.33278584480285645,2.1565675735473633
0.12667234241962433,0.8818683624267578,0.3182659149169922,-1.0789544582366943,0.10741204768419266,1.9780665636062622
0.20407924056053162,0.9444084763526917,0.26719939708709717,-1.199846863746643,0.01714950054883957,1.858761191368103
0.2657001316547394,0.7600710391998291,0.16309794783592224,-1.1001455783843994,0.044558219611644745,1.7555688619613647
0.25738558173179626,0.5342973470687866,0.06967629492282867,-0.8623498678207397,0.13766473531723022,1.628383994102478
0.18827968835830688,0.33636584877967834,0.08502986282110214,-0.5454968214035034,0.2530631721019745,1.4555326700210571
0.13081172108650208,0.17487576603889465,0.2826581597328186,-0.10338778048753738,0.4187926948070526,1.1315025091171265
0.09231162816286087,-0.21378949284553528,0.8291468620300293,0.5378362536430359,0.5861942172050476,0.4372386038303375
0.054022110998630524,-0.4890630543231964,1.7654141187667847,0.8802539706230164,0.37599602341651917,-0.9871572852134705
-0.6233574151992798,-0.17754164338111877,1.5186861753463745,0.30548232793807983,-0.8602722883224487,-0.08977305889129639
-0.0980527326464653,-0.2713397443294525,1.2412188053131104,0.3395324945449829,-0.7553781270980835,0.5069630742073059
0.2542687952518463,-0.4831559956073761,1.3170831203460693,0.3149910569190979,-0.1479828953742981,0.4205458164215088
0.25166842341423035,-0.5778824687004089,1.374961256980896,0.11463864892721176,0.1167338415980339,0.1598232239484787
0.25134530663490295,-0.577122151851654,1.328590989112854,-0.04289627820253372,0.19498544931411743,-0.03451095148921013
0.34443309903144836,-0.5794015526771545,1.2527258396148682,-0.09932143241167068,0.2132088840007782,-0.08498059213161469
0.445848673582077,-0.6045922636985779,1.1936571598052979,-0.12869563698768616,0.21337971091270447,-0.015909116715192795
0.447528600692749,-0.5992618203163147,1.0416111946105957,-0.14782056212425232,0.2979322075843811,0.15061022341251373
0.2907049357891083,-0.6317124962806702,0.4923548698425293,-0.28174713253974915,0.5071146488189697,0.6041749715805054
0.12165749818086624,-0.7126429677009583,-0.5407118797302246,-0.4999847710132599,0.9801079034805298,1.480245590209961
0.5517866611480713,-0.5319163799285889,-0.8970456719398499,0.19327127933502197,0.7398176193237305,2.2521655559539795
0.36578604578971863,-0.37700599431991577,0.08850736916065216,-0.19093021750450134,0.5880692005157471,2.2769312858581543
0.14042332768440247,0.34078502655029297,0.27651602029800415,-0.6986920237541199,0.34758293628692627,2.1283726692199707
0.10826834291219711,0.8732756972312927,0.32183390855789185,-1.0497726202011108,0.12360294908285141,1.965840220451355
0.19256341457366943,0.9391169548034668,0.263280987739563,-1.1693739891052246,0.0359937846660614,1.853613018989563
0.2580863833427429,0.758538007736206,0.1551898568868637,-1.0740834474563599,0.05124375969171524,1.7518564462661743
0.25735822319984436,0.5324534773826599,0.06651455909013748,-0.8415426015853882,0.13614767789840698,1.623652696609497
0.1969994604587555,0.33634480834007263,0.09171746671199799,-0.5281515717506409,0.25779110193252563,1.4504948854446411
0.13699404895305634,0.1666896641254425,0.29911190271377563,-0.07768543064594269,0.42619356513023376,1.1151400804519653
0.09601596742868423,-0.2536493241786957,0.8604640960693359,0.5755186080932617,0.585455060005188,0.40097543597221375
0.21256008744239807,-0.39847955107688904,1.809890627861023,0.787850022315979,0.5137537717819214,-0.559334397315979
-0.5723827481269836,-0.2022903859615326,1.5375608205795288,0.32641103863716125,-0.7045908570289612,-0.4613441824913025
-0.2568431794643402,-0.3180542290210724,1.2055370807647705,0.3441150188446045,-0.8512150049209595,0.2099548578262329
0.2010311782360077,-0.46516749262809753,1.2269976139068604,0.2965037226676941,-0.35044071078300476,0.39030200242996216
0.34617966413497925,-0.5443190336227417,1.3546829223632812,0.10898350924253464,0.03173442929983139,0.2518542408943176
0.34857290983200073,-0.5412580966949463,1.3743035793304443,-0.05562964826822281,0.1728317141532898,0.06406085193157196
0.393450528383255,-0.5361047983169556,1.3196911811828613,-0.11491353064775467,0.20850786566734314,-0.046261321753263474
0.46388718485832214,-0.5536283254623413,1.258882761001587,-0.12545272707939148,0.20056623220443726,-0.03845236822962761
0.48276740312576294,-0.5701372623443604,1.179076075553894,-0.12626352906227112,0.2146534025669098,0.058535654097795486
0.3614513576030731,-0.5687637329101562,0.8656981587409973,-0.1634400635957718,0.3672698140144348,0.3296518325805664
0.16090616583824158,-0.6255283951759338,0.02896486222743988,-0.3998410701751709,0.7176738977432251,1.033511996269226
0.526118278503418,-0.46974948048591614,-0.8627850413322449,-0.20685987174510956,1.001653790473938,2.097618341445923
0.33378714323043823,-0.67482590675354,-0.4893749952316284,0.033785514533519745,0.6407818794250488,2.3447890281677246
0.14099407196044922,-0.3387044370174408,0.22818903625011444,-0.31823644042015076,0.4682224690914154,2.2135701179504395
0.025468936190009117,0.4692641496658325,0.29525142908096313,-0.76801997423172,0.2660371661186218,2.021949291229248
0.11153168231248856,0.8833476305007935,0.28217214345932007,-1.0719059705734253,0.09858388453722,1.8805217742919922
0.23326700925827026,0.8724411725997925,0.20998233556747437,-1.1552375555038452,0.04245906323194504,1.7829076051712036
0.2833355963230133,0.690196692943573,0.11257858574390411,-1.0378837585449219,0.06314510852098465,1.681915283203125
0.2593103349208832,0.49370983242988586,0.05784901976585388,-0.8011476397514343,0.14643433690071106,1.5495612621307373
0.19172334671020508,0.33159688115119934,0.11702939867973328,-0.4818791449069977,0.26272252202033997,1.366815447807312
0.15413716435432434,0.19543635845184326,0.3824538588523865,-0.0006110765971243382,0.45567986369132996,1.0067967176437378
0.06571946293115616,-0.2532995045185089,1.0484552383422852,0.695888102054596,0.576694667339325,0.2120370864868164
-0.038662753999233246,-0.38479846715927124,1.911534309387207,0.8801578879356384,0.17375338077545166,-1.1215589046478271
-0.7385924458503723,-0.14255890250205994,1.510809063911438,0.24608516693115234,-0.9905557632446289,0.010008562356233597
-0.07730349153280258,-0.2541470229625702,1.224679708480835,0.3409309685230255,-0.7445825338363647,0.5645390748977661
0.2793799042701721,-0.49406906962394714,1.3171416521072388,0.3046114146709442,-0.08917225152254105,0.4114038348197937
0.2652827501296997,-0.5912348628044128,1.3610435724258423,0.07706686109304428,0.15337958931922913,0.13195930421352386
0.28024548292160034,-0.5859721899032593,1.3040690422058105,-0.0826437845826149,0.21844419836997986,-0.05611852928996086
0.3806324005126953,-0.5957750082015991,1.2329225540161133,-0.13305380940437317,0.23178952932357788,-0.07777054607868195
0.4755634665489197,-0.6125644445419312,1.1642320156097412,-0.15931165218353271,0.24701082706451416,0.017937351018190384
0.4324602782726288,-0.6001774072647095,0.8958264589309692,-0.20497435331344604,0.3781672418117523,0.2689312696456909
0.2820011079311371,-0.6403420567512512,0.16069002449512482,-0.4152536690235138,0.682350754737854,0.8804757595062256
0.1373203843832016,-0.8317772150039673,-0.9229609966278076,-0.5337561964988708,1.1810457706451416,1.873357892036438
0.5692298412322998,-0.6318548321723938,-0.4803035855293274,0.19263073801994324,0.6579478979110718,2.3272128105163574
0.40445515513420105,-0.26084592938423157,0.12622810900211334,-0.22813847661018372,0.4875398576259613,2.2996153831481934
0.14685764908790588,0.5159595012664795,0.27843207120895386,-0.7525270581245422,0.29282453656196594,2.1268937587738037
0.12385005503892899,0.9449253678321838,0.3150799870491028,-1.091894268989563,0.10575058311223984,1.9592787027359009
0.19688500463962555,0.9258669018745422,0.2521064281463623,-1.1732721328735352,0.04779285192489624,1.8461636304855347
0.24163146317005157,0.7173148989677429,0.13416747748851776,-1.046895980834961,0.0796111598610878,1.737542986869812
0.22749558091163635,0.4889938533306122,0.0453285276889801,-0.8045767545700073,0.16052629053592682,1.6048877239227295
0.16984015703201294,0.3082634210586548,0.07885724306106567,-0.49282193183898926,0.26610711216926575,1.4201115369796753
0.12826545536518097,0.16036349534988403,0.300245463848114,-0.04783359169960022,0.418307363986969,1.079251766204834
0.09272757917642593,-0.21916010975837708,0.8837410807609558,0.594588577747345,0.5545199513435364,0.35660219192504883
0.2305767834186554,-0.7063695788383484,1.665372371673584,0.9111034274101257,0.48639681935310364,-0.6206757426261902
-0.6519433259963989,-0.10673991590738297,1.5837397575378418,0.25858113169670105,-0.8724610805511475,-0.4485577642917633
-0.3091675937175751,-0.19477054476737976,1.2347556352615356,0.3433454632759094,-0.9203780889511108,0.2613704800605774
0.16188600659370422,-0.38509494066238403,1.2390798330307007,0.33709970116615295,-0.3176802694797516,0.4112173020839691
0.28695204854011536,-0.5068100094795227,1.3498241901397705,0.13504254817962646,0.08858313411474228,0.25092071294784546
0.2974267303943634,-0.5366193652153015,1.344799280166626,-0.04380420595407486,0.23232123255729675,0.05502675846219063
0.36228716373443604,-0.5558090806007385,1.2719402313232422,-0.11163846403360367,0.2606223523616791,-0.049603741616010666
0.4403664767742157,-0.5900917649269104,1.2027008533477783,-0.13329458236694336,0.24205723404884338,-0.02777911350131035
0.4515669643878937,-0.5992842316627502,1.0800350904464722,-0.13620880246162415,0.27837836742401123,0.09602068364620209
0.3130808174610138,-0.621146023273468,0.6327471733093262,-0.22357559204101562,0.44249382615089417,0.4689740836620331
0.14917615056037903,-0.6835079789161682,-0.31323909759521484,-0.4628291130065918,0.8617863655090332,1.261566400527954
0.9284821152687073,-0.46121421456336975,-1.2273000478744507,-0.016650116071105003,1.2335305213928223,2.250054359436035
0.11606461554765701,-0.35602688789367676,0.09127657115459442,-0.11509416252374649,0.5399919748306274,2.1206393241882324
0.0412922278046608,0.2148110568523407,0.3137279748916626,-0.5226970314979553,0.24112728238105774,2.0028533935546875
0.08622265607118607,0.7937104105949402,0.34159958362579346,-0.9111921191215515,0.07387406378984451,1.8752739429473877
0.19833184778690338,0.932336151599884,0.2773733139038086,-1.0711578130722046,0.0181126669049263,1.7921024560928345
0.29862627387046814,0.794870913028717,0.18767563998699188,-0.9847413897514343,0.07116793096065521,1.6849201917648315
0.3081853687763214,0.5826720595359802,0.15328365564346313,-0.7061321139335632,0.2000945806503296,1.5217262506484985
0.2586791515350342,0.3437778055667877,0.3193284869194031,-0.2428634911775589,0.4204878509044647,1.2192673683166504
0.16077902913093567,-0.22259461879730225,0.8686810731887817,0.46695297956466675,0.6443088054656982,0.5063406825065613
-0.263509601354599,-0.533781111240387,1.515815258026123,0.7723211646080017,0.20242202281951904,-0.671796977519989
-0.515160083770752,-0.31962287425994873,1.4763606786727905,0.4567098319530487,-0.5407918691635132,-0.29219189286231995
-0.10593553632497787,-0.3569936454296112,1.3239609003067017,0.3557776212692261,-0.5833730697631836,0.27523273229599
0.29390162229537964,-0.4748036563396454,1.3954181671142578,0.25808313488960266,-0.17441633343696594,0.3894035518169403
0.39654913544654846,-0.5515216588973999,1.4628938436508179,0.09433086961507797,0.0802413746714592,0.23064546287059784
0.390348345041275,-0.5707635283470154,1.434895396232605,-0.03902889043092728,0.14983588457107544,0.035446781665086746
0.4200047254562378,-0.5732371807098389,1.3639779090881348,-0.09247378259897232,0.14848384261131287,-0.06560669839382172
0.4656440019607544,-0.5850459337234497,1.3031280040740967,-0.10713589936494827,0.1350225806236267,-0.04055352136492729
0.45915231108665466,-0.5940530896186829,1.1960642337799072,-0.11606130748987198,0.19287839531898499,0.08346416056156158
0.3060239255428314,-0.6105688214302063,0.7553204894065857,-0.20737379789352417,0.4107851982116699,0.45737287402153015
0.1335301548242569,-0.6842297911643982,-0.2512785792350769,-0.48606589436531067,0.8875154256820679,1.3088191747665405
0.8543363809585571,-0.6625462770462036,-1.2903562784194946,0.008057648316025734,1.2919504642486572,2.334184169769287
0.11142046004533768,-0.3520534932613373,0.10517998039722443,-0.0789971724152565,0.6242365837097168,2.2354886531829834
0.04026017338037491,0.24257999658584595,0.320290744304657,-0.5039822459220886,0.32950714230537415,2.1173417568206787
0.08579767495393753,0.8092291951179504,0.3182147741317749,-0.9142950177192688,0.14561112225055695,1.9730039834976196
0.20460526645183563,0.9424816966056824,0.2520396113395691,-1.093851923942566,0.046930260956287384,1.8633328676223755
0.3003314137458801,0.8038027286529541,0.17012907564640045,-1.0208230018615723,0.05608901381492615,1.7410473823547363
0.3073333501815796,0.5958195328712463,0.13506463170051575,-0.7630438208580017,0.15821224451065063,1.5735011100769043
0.22837205231189728,0.3761010766029358,0.26790064573287964,-0.3439120948314667,0.3303528428077698,1.303626298904419
0.15318667888641357,-0.07005465775728226,0.7179346084594727,0.29597005248069763,0.6020320653915405,0.7005037665367126
-0.2178199291229248,-0.8478250503540039,1.408833622932434,1.0527515411376953,0.567517876625061,-0.3668113350868225
-0.6228739023208618,-0.2059721052646637,1.5873286724090576,0.38306018710136414,-0.5314747095108032,-0.46071285009384155
-0.29978281259536743,-0.22854748368263245,1.3491995334625244,0.3123418688774109,-0.6978634595870972,0.13880497217178345
0.20908242464065552,-0.3964807987213135,1.352980136871338,0.2937038838863373,-0.28063294291496277,0.3486312925815582
0.4015316963195801,-0.5155044198036194,1.4384750127792358,0.1381300985813141,0.04045144468545914,0.24994595348834991
0.42042145133018494,-0.5557831525802612,1.431459903717041,-0.021578973159193993,0.14339590072631836,0.07372178137302399
0.4434247314929962,-0.5684535503387451,1.3666961193084717,-0.09526566416025162,0.15769550204277039,-0.0389334075152874
0.4748169779777527,-0.5862863659858704,1.303877353668213,-0.11897758394479752,0.15092910826206207,-0.031341563910245895
0.4623318612575531,-0.595294713973999,1.1864992380142212,-0.1278172731399536,0.2140899896621704,0.08454541862010956
0.31258097290992737,-0.6138563752174377,0.7266566753387451,-0.2273164987564087,0.4270045757293701,0.4637235999107361
0.14851681888103485,-0.685126006603241,-0.27738553285598755,-0.5045695304870605,0.9066667556762695,1.3109484910964966
